{"default":{"identifier":"default","description":"Capability for the main window","local":true,"windows":["main"],"permissions":["core:default","core:path:default","core:event:default","dialog:allow-open","dialog:allow-message","fs:allow-read-file","fs:read-all","fs:allow-write-file","fs:allow-create","fs:allow-remove","fs:allow-read-dir","fs:allow-appdata-write-recursive","fs:allow-appdata-read-recursive","core:window:allow-minimize","core:window:allow-maximize","core:window:allow-toggle-maximize","core:window:allow-close","core:window:allow-start-dragging","shell:allow-execute"]},"desktop-capability":{"identifier":"desktop-capability","description":"","local":true,"windows":["main"],"permissions":["global-shortcut:default"],"platforms":["macOS","windows","linux"]}}