{
  "productName": "Pancake Player",
  "version": "0.1.0",
  "identifier": "com.pancake.player",
  "build": {
    "beforeDevCommand": "npm run dev",
    "devUrl": "http://localhost:1420",
    "beforeBuildCommand": "npm run build",
    "frontendDist": "../dist"
  },
  "app": {
    "windows": [
      {
        "title": "Pancake Player",
        "width": 1600,
        "height": 780,
        "minWidth": 800,
        "minHeight": 600,
        "resizable": true,
        "fullscreen": false,
        "decorations": false,
        "transparent": true
      }
    ],
    "security": {
      "capabilities": ["default"],
      "csp": "default-src 'self' data: http://asset.localhost 'unsafe-inline' 'unsafe-eval'; connect-src 'self' ws: wss: http://asset.localhost http://127.0.0.1:33333; media-src 'self' data: http://asset.localhost;",
      "assetProtocol": {
        "enable": true,
        "scope": ["**"]
      }
    }
  },
  "bundle": {
    "active": true,
    "targets": ["nsis", "msi"],
    "externalBin": ["../bin/discord-bridge"],
    "icon": [
      "icons/32x32.png",
      "icons/128x128.png",
      "icons/128x128@2x.png",
      "icons/icon.icns",
      "icons/icon.ico"
    ]
  }
}
